n,steps,aos_s,soa_s,speedup
1000000,200,125.500603100023,2.9922053999907803,41.94250939471257
